{"cameraMode":{"drawMode":0,"name":"Shaded","section":"Shading Mode"},"sceneLighting":false,"audioPlay":false,"sceneViewState":{"m_AlwaysRefresh":false,"showFog":true,"showSkybox":false,"showFlares":true,"showImageEffects":true,"showParticleSystems":true,"showVisualEffectGraphs":true,"m_FxEnabled":true},"in2DMode":false,"pivot":{"x":519.3550415039063,"y":331.3441162109375,"z":243.4349365234375},"rotation":{"x":0.004809586796909571,"y":-0.0000060430420489865359,"z":-0.00000664380695525324,"w":1.0000067949295045},"size":189.74441528320313,"orthographic":false}